original_path,source_category,assigned_category,new_path,status,duplicate_of,width,height,bytes
images/labaguettedenormandy.com/wp-content/uploads/2017/01/Orange-1--5269b8a3e4.png,other,about-us,about-us/bakery-logo-orange.png,canonical,,400,216,9930
images/labaguettedenormandy.com/wp-content/gallery/breads/Brioche-tressée--042477357a.jpg,breads,breads,_duplicates/breads/brioche-tressee--duplicate-1.jpg,duplicate-alternate,breads/brioche-tressee.jpg,1080,810,137112
images/labaguettedenormandy.com/wp-content/gallery/daily-choice/Baguette-epis--a46a9a0e1a.jpg,daily-choice,breads,breads/baguette-epis-2.jpg,canonical,,1080,810,154698
images/labaguettedenormandy.com/wp-content/gallery/breads/baguetteepis--044780755d.jpg,breads,breads,breads/baguette-epis.jpg,canonical,,480,640,50942
images/labaguettedenormandy.com/wp-content/gallery/breads/Brioche-roll--d1e1afc8d4.jpg,breads,breads,breads/brioche-roll.jpg,canonical,,1080,810,57284
images/labaguettedenormandy.com/wp-content/gallery/breads/Brioche-tressée--042477357a.jpg,breads,breads,breads/brioche-tressee.jpg,canonical,,1080,810,137112
images/labaguettedenormandy.com/wp-content/gallery/daily-choice/classic-baguette-Baguette-moulee--a90c299fdd.jpg,daily-choice,breads,breads/classic-baguette-moulee.jpg,canonical,,1080,810,119962
images/labaguettedenormandy.com/wp-content/gallery/daily-choice/Court-Bread--15e17585f8.jpg,daily-choice,breads,breads/court-bread.jpg,canonical,,1038,900,107564
images/labaguettedenormandy.com/wp-content/gallery/daily-choice/loaf-cramberries-walnut--0e8a9bd520.jpg,daily-choice,breads,breads/cranberry-walnut-loaf.jpg,canonical,,947,900,82544
images/labaguettedenormandy.com/wp-content/gallery/breads/paindecore--97572571f9.jpg,breads,breads,breads/decorated-bread.jpg,canonical,,640,480,56848
images/labaguettedenormandy.com/wp-content/gallery/breads/farmmiche--e56ca3109a.jpg,breads,breads,breads/farmhouse-miche.jpg,canonical,,640,479,60676
images/labaguettedenormandy.com/wp-content/gallery/breads/fougasse--151eb50ca2.jpg,breads,breads,breads/fougasse.jpg,canonical,,640,481,29312
images/labaguettedenormandy.com/wp-content/gallery/breads/frenchbread--9559c8ec5a.jpg,breads,breads,breads/french-bread.jpg,canonical,,640,480,32658
images/labaguettedenormandy.com/wp-content/gallery/daily-choice/Mini-Baguette--e5b5f36b37.jpg,daily-choice,breads,breads/mini-baguette.jpg,canonical,,1080,824,104576
images/labaguettedenormandy.com/wp-content/gallery/breads/painbrie2--72ff3b7be0.jpg,breads,breads,breads/pain-brie.jpg,canonical,,640,480,29340
images/labaguettedenormandy.com/wp-content/gallery/daily-choice/Pain-de-mie--e0115b305b.jpg,daily-choice,breads,breads/pain-de-mie.jpg,canonical,,1080,810,102350
images/labaguettedenormandy.com/wp-content/gallery/breads/Parisienne-brioche--c93160dee8.jpg,breads,breads,breads/parisienne-brioche.jpg,canonical,,1080,1440,119554
images/labaguettedenormandy.com/wp-content/gallery/breads/100-0039_IMG--7bf2484bef.jpg,breads,breads,breads/rustic-round-loaf.jpg,canonical,,640,480,29356
images/labaguettedenormandy.com/wp-content/gallery/breads/paverustique2--485bc3ffba.jpg,breads,breads,breads/rustic-square-loaf.jpg,canonical,,640,480,35922
images/labaguettedenormandy.com/wp-content/gallery/breads/sevengrainswholewheat--5677a77e2c.png,breads,breads,breads/seven-grain-whole-wheat.png,canonical,,360,480,24402
images/labaguettedenormandy.com/wp-content/gallery/daily-choice/Seven-grains-whole-wheat--fa4d82c926.jpg,daily-choice,breads,breads/seven-grains-whole-wheat.jpg,canonical,,996,900,72240
images/labaguettedenormandy.com/wp-content/gallery/daily-choice/Sourdough-Miche--c0bbed30dd.jpg,daily-choice,breads,breads/sourdough-miche.jpg,canonical,,1080,810,187766
images/labaguettedenormandy.com/wp-content/gallery/breads/Square-brioche--b78474020c.jpg,breads,breads,breads/square-brioche.jpg,canonical,,3024,4032,449114
images/labaguettedenormandy.com/wp-content/gallery/daily-choice/square-loaf-bread--c295ef144c.jpg,daily-choice,breads,breads/square-loaf-bread.jpg,canonical,,965,900,64850
images/labaguettedenormandy.com/wp-content/gallery/daily-choice/Traditional-Baguette--14a43d1c9a.jpg,daily-choice,breads,breads/traditional-baguette-2.jpg,canonical,,1080,810,185898
images/labaguettedenormandy.com/wp-content/gallery/daily-choice/Traditional-Baguette-black-Olive--321b407850.jpg,daily-choice,breads,breads/traditional-baguette-black-olive.jpg,canonical,,1080,810,181420
images/labaguettedenormandy.com/wp-content/gallery/daily-choice/Traditional-Baguette-Rosemary--7739171877.jpg,daily-choice,breads,breads/traditional-baguette-rosemary.jpg,canonical,,1080,810,150988
images/labaguettedenormandy.com/wp-content/gallery/breads/traditionnale-baguette--314a251c71.jpg,breads,breads,breads/traditional-baguette.jpg,canonical,,641,480,116390
images/labaguettedenormandy.com/wp-content/uploads/2020/05/traditional-miche--cd5efc5cf8.jpg,other,breads,breads/traditional-miche.jpg,canonical,,1080,810,149882
images/labaguettedenormandy.com/wp-content/gallery/daily-choice/Traditional-Sesame-Seed-Baguette--93a3e7f6fc.jpg,daily-choice,breads,breads/traditional-sesame-seed-baguette.jpg,canonical,,1080,810,171678
images/labaguettedenormandy.com/wp-content/gallery/daily-choice/white-loaf-miche--5f9ea61702.jpg,daily-choice,breads,breads/white-loaf-miche.jpg,canonical,,971,900,110330
images/labaguettedenormandy.com/wp-content/gallery/breads/wholewheatcranberriesandwalnut--a091092ac2.png,breads,breads,breads/whole-wheat-cranberry-walnut.png,canonical,,640,480,50200
images/labaguettedenormandy.com/wp-content/uploads/2020/06/BreakfastBox-scaled--bd3c7bdbac.jpg,other,breakfast,_duplicates/breakfast/breakfast-box--duplicate-1.jpg,duplicate-alternate,breakfast/breakfast-box.jpg,1343,1024,162916
images/labaguettedenormandy.com/wp-content/gallery/savory/BreakfastBox--64c4094c2b.jpg,savory,breakfast,breakfast/breakfast-box.jpg,canonical,,3834,2924,639324
images/labaguettedenormandy.com/wp-content/gallery/breakfast/Breakfast-Coffee--c56544b1a2.jpg,breakfast,breakfast,breakfast/breakfast-coffee.jpg,canonical,,1080,1440,187774
images/labaguettedenormandy.com/wp-content/uploads/2020/05/sweet-breakfast--7cf894357d.jpg,other,breakfast,breakfast/breakfast-pastry-box.jpg,canonical,,1080,810,136222
images/labaguettedenormandy.com/wp-content/gallery/breakfast/croissantomelette2016--6759cb19cb.png,breakfast,breakfast,breakfast/croissant-omelette-breakfast.png,canonical,,640,480,34036
images/labaguettedenormandy.com/wp-content/gallery/breakfast/croque-campgnard-madame--687ffe9106.jpg,breakfast,breakfast,breakfast/croque-campagnard-madame.jpg,canonical,,1200,900,125616
images/labaguettedenormandy.com/wp-content/gallery/breakfast/croque-campagnard--ad0c1df23d.jpg,breakfast,breakfast,breakfast/croque-campagnard.jpg,canonical,,1080,810,156064
images/labaguettedenormandy.com/wp-content/gallery/breakfast/croque-Madame--01e7dd8aa3.jpg,breakfast,breakfast,breakfast/croque-madame.jpg,canonical,,1080,1440,167506
images/labaguettedenormandy.com/wp-content/gallery/breakfast/Croque-Monsieur--b6aeabad3d.jpg,breakfast,breakfast,breakfast/croque-monsieur.jpg,canonical,,1080,810,107170
images/labaguettedenormandy.com/wp-content/gallery/breakfast/french-toast-strawberries--0b43f21ab4.jpg,breakfast,breakfast,breakfast/french-toast-strawberries.jpg,canonical,,1080,810,141248
images/labaguettedenormandy.com/wp-content/gallery/breakfast/Genova-Panini--24264bb8c9.jpg,breakfast,breakfast,breakfast/genova-panini.jpg,canonical,,3264,2448,273834
images/labaguettedenormandy.com/wp-content/gallery/breakfast/display-only4--e1b82f4ca0.jpg,breakfast,breakfast,breakfast/grilled-ham-cheese-panini.jpg,canonical,,1148,900,108114
images/labaguettedenormandy.com/wp-content/gallery/breakfast/1--121a978eb6.jpg,breakfast,breakfast,breakfast/grilled-panini-with-breakfast-potatoes.jpg,canonical,,1080,810,161576
images/labaguettedenormandy.com/wp-content/gallery/breakfast/display-only--0618abef18.jpg,breakfast,breakfast,breakfast/grilled-panini.jpg,canonical,,1130,900,116134
images/labaguettedenormandy.com/wp-content/gallery/breakfast/sandwhich_7--309010d276.jpg,breakfast,breakfast,breakfast/ham-cheese-baguette-sandwich.jpg,canonical,,3264,2448,301252
images/labaguettedenormandy.com/wp-content/gallery/breakfast/Hot-sandwich-omelette--70660191dd.jpg,breakfast,breakfast,breakfast/hot-sandwich-omelette.jpg,canonical,,3024,4032,658652
images/labaguettedenormandy.com/wp-content/gallery/breakfast/Normandy-Salade--681e8e0f8e.jpg,breakfast,breakfast,breakfast/normandy-salade.jpg,canonical,,1080,810,82160
images/labaguettedenormandy.com/wp-content/gallery/breakfast/omelet-sandwich2--bbdfa70e7c.jpg,breakfast,breakfast,breakfast/omelet-sandwich.jpg,canonical,,640,480,22670
images/labaguettedenormandy.com/wp-content/gallery/breakfast/display-only3--4f228dff22.jpg,breakfast,breakfast,breakfast/omelette-croissant-breakfast.jpg,canonical,,1200,900,138434
images/labaguettedenormandy.com/wp-content/gallery/breakfast/omelette--f5e850d8b5.jpg,breakfast,breakfast,breakfast/omelette.jpg,canonical,,1080,810,89318
images/labaguettedenormandy.com/wp-content/gallery/breakfast/Quiche-Breakfast--4072b1f87d.jpg,breakfast,breakfast,breakfast/quiche-breakfast.jpg,canonical,,1080,1440,198522
images/labaguettedenormandy.com/wp-content/gallery/buches/Buche-Grand-Marnier1--6c1d0e4c90.jpg,buches,cakes,_duplicates/cakes/buche-grand-marnier--duplicate-1.jpg,duplicate-alternate,cakes/buche-grand-marnier.jpg,1080,810,154444
images/labaguettedenormandy.com/wp-content/gallery/buches/buchedenoel8--290e81dd95.jpg,buches,cakes,_duplicates/cakes/chocolate-buche-de-noel--duplicate-1.jpg,duplicate-alternate,cakes/chocolate-buche-de-noel.jpg,480,640,53702
images/labaguettedenormandy.com/wp-content/gallery/buches/100-0036_IMG--2295dd7025.jpg,buches,cakes,_duplicates/cakes/chocolate-vanilla-buche--duplicate-1.jpg,duplicate-alternate,cakes/chocolate-vanilla-buche.jpg,480,640,40306
images/labaguettedenormandy.com/wp-content/gallery/cakes/IMG_0392-7--e8f8f78004.jpg,cakes,cakes,_duplicates/cakes/decorated-chocolate-cake--duplicate-1.jpg,duplicate-alternate,cakes/decorated-chocolate-cake.jpg,1200,1200,312789
images/labaguettedenormandy.com/wp-content/gallery/cakes/21-3--74597d952b.jpg,cakes,cakes,_duplicates/cakes/lemon-cake--duplicate-1.jpg,duplicate-alternate,cakes/lemon-cake.jpg,1200,1600,320661
images/labaguettedenormandy.com/wp-content/gallery/buches/Praline-Buche--bcae58af4f.jpg,buches,cakes,_duplicates/cakes/praline-buche--duplicate-1.jpg,duplicate-alternate,cakes/praline-buche.jpg,1080,810,178428
images/labaguettedenormandy.com/wp-content/gallery/cakes/cakeroyal2016--e2c2f70b89.png,cakes,cakes,_duplicates/cakes/royal-cake--duplicate-1.png,duplicate-alternate,cakes/royal-cake.png,640,480,46852
images/labaguettedenormandy.com/wp-content/uploads/2018/05/caketroischocolates2016--8b70da919a.png,other,cakes,_duplicates/cakes/three-chocolate-cake--duplicate-1.png,duplicate-alternate,cakes/three-chocolate-cake.png,640,480,42876
images/labaguettedenormandy.com/wp-content/gallery/buches/100-0032_IMG--3d5d40e4be.jpg,buches,cakes,cakes/assorted-holiday-buches.jpg,canonical,,640,480,65666
images/labaguettedenormandy.com/wp-content/gallery/daily-choice/Black-forest-6p--a64ed12e3f.jpg,daily-choice,cakes,cakes/black-forest-6p.jpg,canonical,,1080,810,152786
images/labaguettedenormandy.com/wp-content/gallery/cakes/cakeblackforest2016--f8bcf99a88.png,cakes,cakes,cakes/black-forest-cake.png,canonical,,640,480,50622
images/labaguettedenormandy.com/wp-content/gallery/buches/Bois-Normand--0e3a1fda64.jpg,buches,cakes,cakes/bois-normand.jpg,canonical,,1200,900,281632
images/labaguettedenormandy.com/wp-content/gallery/buches/Buche-Grand-Marnier1--d36a95a8f2.jpg,buches,cakes,cakes/buche-grand-marnier.jpg,canonical,,1080,810,167479
images/labaguettedenormandy.com/wp-content/gallery/buches/Buche-Menu--b388338960.png,buches,cakes,cakes/buche-menu.png,canonical,,611,787,62016
images/labaguettedenormandy.com/wp-content/gallery/buches/buchedenoel8--a02eafce23.jpg,buches,cakes,cakes/chocolate-buche-de-noel.jpg,canonical,,480,640,88338
images/labaguettedenormandy.com/wp-content/gallery/cakes/chocolategrandmarnier--25cfc1085b.jpg,cakes,cakes,cakes/chocolate-grand-marnier-cake.jpg,canonical,,641,480,93675
images/labaguettedenormandy.com/wp-content/gallery/cakes/chocolatemochacake--a2585374a8.jpg,cakes,cakes,cakes/chocolate-mocha-cake.jpg,canonical,,641,480,41618
images/labaguettedenormandy.com/wp-content/gallery/buches/100-0036_IMG--064b274c81.jpg,buches,cakes,cakes/chocolate-vanilla-buche.jpg,canonical,,480,640,65154
images/labaguettedenormandy.com/wp-content/gallery/cakes/IMG_0392-7--8562d9cd41.jpg,cakes,cakes,cakes/decorated-chocolate-cake.jpg,canonical,,2448,2448,367280
images/labaguettedenormandy.com/wp-content/uploads/2020/12/duo-buche-scaled--e8eaebf017.jpg,other,cakes,cakes/duo-buche.jpg,canonical,,1477,1024,164588
images/labaguettedenormandy.com/wp-content/gallery/daily-choice/Forestier-Cake-6p--6f42e4a043.jpg,daily-choice,cakes,cakes/forestier-cake-6p.jpg,canonical,,1080,810,200654
images/labaguettedenormandy.com/wp-content/gallery/cakes/cakeforestier--b154fbe79a.png,cakes,cakes,cakes/forestier-cake.png,canonical,,640,480,189334
images/labaguettedenormandy.com/wp-content/gallery/cakes/cakefraisier--c437d7bcf7.png,cakes,cakes,cakes/fraisier-cake.png,canonical,,640,480,196043
images/labaguettedenormandy.com/wp-content/gallery/cakes/cakefraisierwithcremebrulee--c246834ed4.png,cakes,cakes,cakes/fraisier-creme-brulee-cake.png,canonical,,640,480,204731
images/labaguettedenormandy.com/wp-content/gallery/daily-choice/Frambosier-cake-6p--746b0269ca.jpg,daily-choice,cakes,cakes/framboisier-cake-6p.jpg,canonical,,1080,810,66768
images/labaguettedenormandy.com/wp-content/gallery/cakes/cakeframboisier--9f4df8a276.png,cakes,cakes,cakes/framboisier-cake.png,canonical,,640,480,47660
images/labaguettedenormandy.com/wp-content/gallery/cakes/Framboisier-Macaroon--7f30cf1d09.jpg,cakes,cakes,cakes/framboisier-macaron-cake.jpg,canonical,,1200,900,236062
images/labaguettedenormandy.com/wp-content/uploads/2020/05/Grand-marnier-rotated--f8b168a4b3.jpg,other,cakes,cakes/grand-marnier-cake-2.jpg,canonical,,1200,1600,169400
images/labaguettedenormandy.com/wp-content/gallery/cakes/cakegrandmarnier2016--685e6b8bf7.png,cakes,cakes,cakes/grand-marnier-cake.png,canonical,,640,480,34472
images/labaguettedenormandy.com/wp-content/gallery/buches/100-0010_IMG--993704e3dc.jpg,buches,cakes,cakes/holiday-berry-buche.jpg,canonical,,480,640,83423
images/labaguettedenormandy.com/wp-content/gallery/buchette-de-noel/buchettes--65fd8a051b.png,buchette-de-noel,cakes,cakes/holiday-buchettes-assortment-1.png,canonical,,640,480,260064
images/labaguettedenormandy.com/wp-content/gallery/buchette-de-noel/buchettes10--7496c5d323.png,buchette-de-noel,cakes,cakes/holiday-buchettes-assortment-2.png,canonical,,360,480,114607
images/labaguettedenormandy.com/wp-content/gallery/buchette-de-noel/buchettes2--b45da03f53.png,buchette-de-noel,cakes,cakes/holiday-buchettes-assortment-3.png,canonical,,640,480,226035
images/labaguettedenormandy.com/wp-content/gallery/buchette-de-noel/buchettes3--1541e45a84.png,buchette-de-noel,cakes,cakes/holiday-buchettes-assortment-4.png,canonical,,640,480,85592
images/labaguettedenormandy.com/wp-content/gallery/cakes/21-3--150118b374.jpg,cakes,cakes,cakes/lemon-cake.jpg,canonical,,2448,3264,239458
images/labaguettedenormandy.com/wp-content/gallery/cakes/cakecharlottemixedberry2016--622aab1957.png,cakes,cakes,cakes/mixed-berry-charlotte-cake.png,canonical,,640,480,60372
images/labaguettedenormandy.com/wp-content/gallery/cakes/cakeopera2016--129beea877.png,cakes,cakes,cakes/opera-cake.png,canonical,,640,480,46984
images/labaguettedenormandy.com/wp-content/gallery/cakes/Peach--e38b9fad60.jpg,cakes,cakes,cakes/peach-cake.jpg,canonical,,1365,1024,335706
images/labaguettedenormandy.com/wp-content/gallery/cakes/poirebellehelene--22dd210c9d.jpg,cakes,cakes,cakes/poire-belle-helene-cake.jpg,canonical,,640,481,33580
images/labaguettedenormandy.com/wp-content/gallery/buches/Praline-Buche--4fdc877681.jpg,buches,cakes,cakes/praline-buche.jpg,canonical,,1080,810,199676
images/labaguettedenormandy.com/wp-content/gallery/cakes/cakeraspberry2016--04abe77ce7.png,cakes,cakes,cakes/raspberry-cake.png,canonical,,640,480,39616
images/labaguettedenormandy.com/wp-content/gallery/cakes/raspberrydelightcake--56e247f1fc.png,cakes,cakes,cakes/raspberry-delight-cake.png,canonical,,640,480,65626
images/labaguettedenormandy.com/wp-content/gallery/buches/Rocky-Mountain--3ba8af3a92.jpg,buches,cakes,cakes/rocky-mountain.jpg,canonical,,4032,3024,486520
images/labaguettedenormandy.com/wp-content/gallery/cakes/cakeroyal2016--63056bb3cf.png,cakes,cakes,cakes/royal-cake.png,canonical,,640,480,207628
images/labaguettedenormandy.com/wp-content/gallery/cakes/saint-honore--54f1e28d62.jpg,cakes,cakes,cakes/saint-honore.jpg,canonical,,640,480,41658
images/labaguettedenormandy.com/wp-content/gallery/daily-choice/Strawberry-cake-6p--467d84b06e.jpg,daily-choice,cakes,cakes/strawberry-cake-6p.jpg,canonical,,1080,810,179922
images/labaguettedenormandy.com/wp-content/gallery/cakes/caketroischocolates2016--8aa6bbf5c5.png,cakes,cakes,cakes/three-chocolate-cake.png,canonical,,640,480,43400
images/labaguettedenormandy.com/wp-content/gallery/buches/Vanilla-buche--c9d313f7a8.jpg,buches,cakes,cakes/vanilla-buche.jpg,canonical,,1080,810,173362
images/labaguettedenormandy.com/wp-content/gallery/buches/100-0029_IMG--8c3d436d4b.jpg,buches,cakes,cakes/white-chocolate-buche.jpg,canonical,,640,480,41962
images/labaguettedenormandy.com/wp-content/gallery/buches/White-Strawberry-Buche--461a82b4a8.jpg,buches,cakes,cakes/white-strawberry-buche.jpg,canonical,,1080,810,178167
images/labaguettedenormandy.com/wp-content/gallery/crepes/banana-split-crepe--68950264f6.jpg,crepes,crepes,crepes/banana-split-crepe.jpg,canonical,,4032,3024,962504
images/labaguettedenormandy.com/wp-content/gallery/crepes/Breakfast-crepe--9b1413c2f0.jpg,crepes,crepes,crepes/breakfast-crepe.jpg,canonical,,1080,810,91708
images/labaguettedenormandy.com/wp-content/gallery/crepes/crepe2-640--cee91e1042.png,crepes,crepes,crepes/chocolate-almond-crepe.png,canonical,,640,480,31572
images/labaguettedenormandy.com/wp-content/gallery/crepes/display-only2--0e03abf02a.jpg,crepes,crepes,crepes/chocolate-dessert-crepe.jpg,canonical,,1120,900,140308
images/labaguettedenormandy.com/wp-content/gallery/crepes/crepe-maison--35013c1b2e.jpg,crepes,crepes,crepes/crepe-maison.jpg,canonical,,4032,3024,639896
images/labaguettedenormandy.com/wp-content/gallery/crepes/Du-Bocage--fc254ec223.jpg,crepes,crepes,crepes/du-bocage.jpg,canonical,,1080,810,103594
images/labaguettedenormandy.com/wp-content/gallery/crepes/Du-Pecheur--502d95b2f7.jpg,crepes,crepes,crepes/du-pecheur.jpg,canonical,,1080,810,118370
images/labaguettedenormandy.com/wp-content/gallery/crepes/lemon-crepe--f3186978e1.jpg,crepes,crepes,crepes/lemon-crepe.jpg,canonical,,900,675,67974
images/labaguettedenormandy.com/wp-content/gallery/crepes/crepeandegg1--89b02a014a.png,crepes,crepes,crepes/savory-egg-crepe-2.png,canonical,,640,480,32584
images/labaguettedenormandy.com/wp-content/gallery/crepes/crepeandegg2--9d744206e2.png,crepes,crepes,crepes/savory-egg-crepe-3.png,canonical,,640,480,26752
images/labaguettedenormandy.com/wp-content/gallery/crepes/crepe3-640--48419b53ff.png,crepes,crepes,crepes/savory-egg-crepe.png,canonical,,640,480,40232
images/labaguettedenormandy.com/wp-content/gallery/crepes/strawberrybananacrepe2016--c3a6210cf6.png,crepes,crepes,crepes/strawberry-banana-crepe.png,canonical,,640,480,59874
images/labaguettedenormandy.com/wp-content/gallery/crepes/strawberry-crepe-1--fb6e41ec18.jpg,crepes,crepes,crepes/strawberry-crepe-1.jpg,canonical,,1080,810,66920
images/labaguettedenormandy.com/wp-content/gallery/crepes/crepe1-640--d509ce586e.png,crepes,crepes,crepes/strawberry-dessert-crepe.png,canonical,,640,480,62332
images/labaguettedenormandy.com/wp-content/gallery/crepes/display-only1--41912d9043.jpg,crepes,crepes,crepes/sweet-breakfast-crepe.jpg,canonical,,1115,900,148650
images/labaguettedenormandy.com/wp-content/gallery/graduation/Forestier--522440866c.jpg,graduation,graduation,graduation/forestier-graduation-cake.jpg,canonical,,1080,810,100270
images/labaguettedenormandy.com/wp-content/gallery/graduation/Fraisier-Graduation-3--86cce929c8.jpg,graduation,graduation,graduation/fraisier-graduation-cake.jpg,canonical,,3264,2448,764704
images/labaguettedenormandy.com/wp-content/gallery/graduation/Framboisier--4237e1fe0d.jpg,graduation,graduation,graduation/framboisier-graduation-cake.jpg,canonical,,1200,900,357757
images/labaguettedenormandy.com/wp-content/gallery/graduation/Raspberry-delight--25477d247c.jpg,graduation,graduation,graduation/raspberry-delight-graduation-cake-2.jpg,canonical,,3264,2448,716652
images/labaguettedenormandy.com/wp-content/gallery/graduation/Rapsberry-delight--56a5d51732.jpg,graduation,graduation,graduation/raspberry-delight-graduation-cake.jpg,canonical,,4032,3024,1267474
images/labaguettedenormandy.com/wp-content/gallery/graduation/Saint-Domingue--ff34f67cff.jpg,graduation,graduation,graduation/saint-domingue-graduation-cake.jpg,canonical,,3264,2448,544628
images/labaguettedenormandy.com/wp-content/gallery/graduation/Three-Chocolate--41f008c1e6.jpg,graduation,graduation,graduation/three-chocolate-graduation-cake.jpg,canonical,,3264,2448,863144
images/labaguettedenormandy.com/wp-content/uploads/2022/10/front-scaled--15ad232033.jpg,other,location,_duplicates/location/bakery-interior--duplicate-1.jpg,duplicate-alternate,location/bakery-interior.webp,2560,1920,493268
images/labaguettedenormandy.com/wp-content/uploads/2025/07/front-scaled-test--f52dcebffd.webp,other,location,location/bakery-interior.webp,canonical,,2560,1920,395424
images/labaguettedenormandy.com/wp-content/uploads/2016/12/coffeecroissant-e1482619611905--0b4cf24b52.jpg,other,menu,menu/coffee-and-croissants.jpg,canonical,,1171,878,78548
images/labaguettedenormandy.com/wp-content/gallery/pastry/Blueberry_amandine--5a257b1dd9.jpg,pastry,pastries,_duplicates/pastries/blueberry-amandine--duplicate-1.jpg,duplicate-alternate,pastries/blueberry-amandine.jpg,1200,900,280544
images/labaguettedenormandy.com/wp-content/gallery/pastry/Peach_amandine--5e411977b4.jpg,pastry,pastries,_duplicates/pastries/peach-amandine--duplicate-1.jpg,duplicate-alternate,pastries/peach-amandine.jpg,675,900,145047
images/labaguettedenormandy.com/wp-content/gallery/daily-choice/Mystery-dressesl--b1b630e3e8.jpg,daily-choice,pastries,pastries/almond-cream-pastry.jpg,canonical,,1080,810,139954
images/labaguettedenormandy.com/wp-content/gallery/daily-choice/Black-Forest-cake--82d2b67938.jpg,daily-choice,pastries,pastries/black-forest-cake.jpg,canonical,,1080,810,39036
images/labaguettedenormandy.com/wp-content/uploads/2020/05/Blueberry_amandine-scaled--2341a78086.jpg,other,pastries,pastries/blueberry-amandine.jpg,canonical,,1365,1024,126752
images/labaguettedenormandy.com/wp-content/gallery/daily-choice/chocolate-eclair--f8c49a66e0.jpg,daily-choice,pastries,pastries/chocolate-eclair.jpg,canonical,,675,900,50018
images/labaguettedenormandy.com/wp-content/gallery/daily-choice/Chocolate-Truffle--991e4f0b1b.jpg,daily-choice,pastries,pastries/chocolate-truffle.jpg,canonical,,1080,810,76668
images/labaguettedenormandy.com/wp-content/gallery/daily-choice/Choux-puff-Divorce--ebfc0790f8.jpg,daily-choice,pastries,pastries/choux-puff-divorce.jpg,canonical,,1080,810,54762
images/labaguettedenormandy.com/wp-content/gallery/daily-choice/choux-puff-Salambo--4877407f9b.jpg,daily-choice,pastries,pastries/choux-puff-salambo.jpg,canonical,,1080,810,46106
images/labaguettedenormandy.com/wp-content/gallery/daily-choice/Citronnier-Cake-l--dc0fd1f070.jpg,daily-choice,pastries,pastries/citronnier-cake-slice.jpg,canonical,,1080,810,40768
images/labaguettedenormandy.com/wp-content/gallery/daily-choice/Cream-Brulee--7705d0ee76.jpg,daily-choice,pastries,pastries/cream-brulee.jpg,canonical,,1080,810,45618
images/labaguettedenormandy.com/wp-content/gallery/daily-choice/Desire-Coconut--e4f96281d4.jpg,daily-choice,pastries,pastries/desire-coconut.jpg,canonical,,1080,810,50630
images/labaguettedenormandy.com/wp-content/gallery/daily-choice/Framboisier-cake--a97e402b1f.jpg,daily-choice,pastries,pastries/framboisier-cake.jpg,canonical,,1080,810,55344
images/labaguettedenormandy.com/wp-content/gallery/daily-choice/Ganachaux-chocolate--9eac7f4638.jpg,daily-choice,pastries,pastries/ganachaux-chocolate.jpg,canonical,,1080,810,63892
images/labaguettedenormandy.com/wp-content/gallery/daily-choice/Le-Duo-chocolate-coffee--319b278fcc.jpg,daily-choice,pastries,pastries/le-duo-chocolate-coffee.jpg,canonical,,1080,810,45678
images/labaguettedenormandy.com/wp-content/gallery/daily-choice/Moka-chocolate-cake--6790adbe77.jpg,daily-choice,pastries,pastries/moka-chocolate-cake.jpg,canonical,,1080,810,73784
images/labaguettedenormandy.com/wp-content/gallery/daily-choice/Mont-Blanc-cake--1dc30bc07b.jpg,daily-choice,pastries,pastries/mont-blanc-cake.jpg,canonical,,1080,810,39766
images/labaguettedenormandy.com/wp-content/gallery/daily-choice/Napoleon-Praline--81bd0bcd55.jpg,daily-choice,pastries,pastries/napoleon-praline.jpg,canonical,,675,900,62666
images/labaguettedenormandy.com/wp-content/gallery/daily-choice/Napoleon--71cbb55371.jpg,daily-choice,pastries,pastries/napoleon.jpg,canonical,,1080,810,58104
images/labaguettedenormandy.com/wp-content/gallery/daily-choice/Nenouko-Milk-Chocolate--5cc2743834.jpg,daily-choice,pastries,pastries/nenouko-milk-chocolate.jpg,canonical,,1080,810,49546
images/labaguettedenormandy.com/wp-content/gallery/daily-choice/Nenouko-White-chocolate--10c3c25c47.jpg,daily-choice,pastries,pastries/nenouko-white-chocolate.jpg,canonical,,1080,810,43850
images/labaguettedenormandy.com/wp-content/gallery/daily-choice/Opera-Cake--17dc946ad9.jpg,daily-choice,pastries,pastries/opera-cake.jpg,canonical,,1080,810,43164
images/labaguettedenormandy.com/wp-content/gallery/daily-choice/Opera--d11848c2db.jpg,daily-choice,pastries,pastries/opera.jpg,canonical,,1080,810,71290
images/labaguettedenormandy.com/wp-content/uploads/2020/05/Peach_amandine-scaled--9218445b0d.jpg,other,pastries,pastries/peach-amandine.jpg,canonical,,1200,1600,109086
images/labaguettedenormandy.com/wp-content/gallery/daily-choice/Raspberry-puff-pastry--c09f1b8ddc.jpg,daily-choice,pastries,pastries/raspberry-puff-pastry.jpg,canonical,,1080,810,100514
images/labaguettedenormandy.com/wp-content/gallery/daily-choice/Royal-Cake--930645b3d0.jpg,daily-choice,pastries,pastries/royal-cake.jpg,canonical,,1080,810,58246
images/labaguettedenormandy.com/wp-content/uploads/2021/10/Strawberry-Amandine-scaled--1c0bf18409.jpg,other,pastries,pastries/strawberry-amandine.jpg,canonical,,1335,1024,205579
images/labaguettedenormandy.com/wp-content/gallery/daily-choice/Three-Chocolate-cake--6d51217f25.jpg,daily-choice,pastries,pastries/three-chocolate-cake.jpg,canonical,,1080,810,39562
images/labaguettedenormandy.com/wp-content/gallery/daily-choice/Truffade-chocolate-ganache--a3c20fba1b.jpg,daily-choice,pastries,pastries/truffade-chocolate-ganache.jpg,canonical,,1080,810,73076
images/labaguettedenormandy.com/wp-content/gallery/petitsfours/petitsfours4--8ecade530d.jpg,petitsfours,petits-fours,_duplicates/petits-fours/savory-petits-fours--duplicate-1.jpg,duplicate-alternate,petits-fours/savory-petits-fours.jpg,640,480,79850
images/labaguettedenormandy.com/wp-content/gallery/petitsfours/petitsfours6--2758ac0604.jpg,petitsfours,petits-fours,_duplicates/petits-fours/savory-petits-fours-2--duplicate-1.jpg,duplicate-alternate,petits-fours/savory-petits-fours-2.jpg,641,480,60272
images/labaguettedenormandy.com/wp-content/gallery/petitsfours/petitsfourssweet4--848b2d2b8a.png,petitsfours,petits-fours,_duplicates/petits-fours/sweet-petits-fours--duplicate-1.png,duplicate-alternate,petits-fours/sweet-petits-fours.jpg,640,480,71822
images/labaguettedenormandy.com/wp-content/gallery/petitsfours/sweetpetitsfours--3773255434.png,petitsfours,petits-fours,_duplicates/petits-fours/sweet-petits-fours-2--duplicate-1.png,duplicate-alternate,petits-fours/sweet-petits-fours-2.jpg,640,480,50878
images/labaguettedenormandy.com/wp-content/gallery/cookies/christmascookies11--3cfd155895.png,cookies,petits-fours,petits-fours/assorted-christmas-cookies.png,canonical,,360,480,50778
images/labaguettedenormandy.com/wp-content/gallery/cookies/christmascookies13--5d7fc84c91.png,cookies,petits-fours,petits-fours/assorted-holiday-cookies.png,canonical,,640,480,67516
images/labaguettedenormandy.com/wp-content/gallery/cookies/Christmas-cookie--a93d82dcc6.jpg,cookies,petits-fours,petits-fours/christmas-cookie.jpg,canonical,,900,1200,337021
images/labaguettedenormandy.com/wp-content/gallery/cookies/christmascookies10--a80d268a80.png,cookies,petits-fours,petits-fours/decorated-christmas-tree-cookies.png,canonical,,640,480,72462
images/labaguettedenormandy.com/wp-content/gallery/cookies/cookies6--e391389ceb.png,cookies,petits-fours,petits-fours/jam-and-holiday-cookies.png,canonical,,640,480,74820
images/labaguettedenormandy.com/wp-content/gallery/petitsfours/petitsfours1--ceb2bda94c.jpg,petitsfours,petits-fours,petits-fours/petits-fours1.jpg,canonical,,641,480,37924
images/labaguettedenormandy.com/wp-content/gallery/petitsfours/petitsfours2--f22c28bfb7.jpg,petitsfours,petits-fours,petits-fours/petits-fours2.jpg,canonical,,640,480,43644
images/labaguettedenormandy.com/wp-content/gallery/petitsfours/petitsfours3--8b7192148c.jpg,petitsfours,petits-fours,petits-fours/petits-fours3.jpg,canonical,,641,480,53122
images/labaguettedenormandy.com/wp-content/gallery/petitsfours/petitsfours5--41a5471189.jpg,petitsfours,petits-fours,petits-fours/petits-fours5.jpg,canonical,,641,480,56500
images/labaguettedenormandy.com/wp-content/gallery/petitsfours/petitsfours7--5ea16c8ebc.jpg,petitsfours,petits-fours,petits-fours/petits-fours7.jpg,canonical,,641,480,65180
images/labaguettedenormandy.com/wp-content/gallery/petitsfours/petitsfours8--bc710cb7d6.jpg,petitsfours,petits-fours,petits-fours/petits-fours8.jpg,canonical,,640,480,44370
images/labaguettedenormandy.com/wp-content/gallery/petitsfours/savory-petit-four-2--eb0b34603e.jpg,petitsfours,petits-fours,petits-fours/savory-petits-fours-2.jpg,canonical,,1600,1200,158390
images/labaguettedenormandy.com/wp-content/gallery/petitsfours/savory-petit-four--9faa694caa.jpg,petitsfours,petits-fours,petits-fours/savory-petits-fours.jpg,canonical,,1200,900,284484
images/labaguettedenormandy.com/wp-content/gallery/cookies/christmascookies12--0c3757913a.png,cookies,petits-fours,petits-fours/snowman-and-gingerbread-cookies.png,canonical,,360,480,37584
images/labaguettedenormandy.com/wp-content/gallery/cookies/Snowman-cookie--c983c8dfcd.jpg,cookies,petits-fours,petits-fours/snowman-cookie.jpg,canonical,,4032,3024,717086
images/labaguettedenormandy.com/wp-content/gallery/petitsfours/sweet-petit-four-1--c0f2d63fdc.jpg,petitsfours,petits-fours,petits-fours/sweet-petits-fours-1.jpg,canonical,,1600,1200,102112
images/labaguettedenormandy.com/wp-content/gallery/petitsfours/sweet-petit-four-2--347fdab570.jpg,petitsfours,petits-fours,petits-fours/sweet-petits-fours-2.jpg,canonical,,1600,1200,145806
images/labaguettedenormandy.com/wp-content/gallery/petitsfours/sweet-petit-four-3--574c057ba9.jpg,petitsfours,petits-fours,petits-fours/sweet-petits-fours-3.jpg,canonical,,900,1200,339973
images/labaguettedenormandy.com/wp-content/gallery/petitsfours/petitsfoursweet1--acf8e12827.png,petitsfours,petits-fours,petits-fours/sweet-petits-fours-assortment-1.png,canonical,,640,480,55732
images/labaguettedenormandy.com/wp-content/gallery/petitsfours/petitsfourssweet2--82a532c36d.png,petitsfours,petits-fours,petits-fours/sweet-petits-fours-assortment-2.png,canonical,,640,480,65832
images/labaguettedenormandy.com/wp-content/gallery/petitsfours/petitsfourssweet3--66abb238c1.png,petitsfours,petits-fours,petits-fours/sweet-petits-fours-assortment-3.png,canonical,,640,480,58690
images/labaguettedenormandy.com/wp-content/gallery/petitsfours/sweet-petit-four--165c605da1.jpg,petitsfours,petits-fours,petits-fours/sweet-petits-fours.jpg,canonical,,3264,2448,702000
images/labaguettedenormandy.com/wp-content/gallery/savory/BaconCheese-Fougasse--1425040529.jpg,savory,savory,_duplicates/savory/bacon-cheese-fougasse--duplicate-1.jpg,duplicate-alternate,savory/bacon-cheese-fougasse.jpg,1141,900,320586
images/labaguettedenormandy.com/wp-content/gallery/savory/Croissant_HamCheese--cfc1c1c30c.jpg,savory,savory,_duplicates/savory/croissant-ham-cheese--duplicate-1.jpg,duplicate-alternate,savory/croissant-ham-cheese.jpg,675,900,183427
images/labaguettedenormandy.com/wp-content/gallery/lunch/hamsandwich--33ad2ab96e.jpg,lunch,savory,_duplicates/savory/ham-baguette-sandwich--duplicate-1.jpg,duplicate-alternate,savory/ham-baguette-sandwich.jpg,640,480,14654
images/labaguettedenormandy.com/wp-content/gallery/savory/Olive-Fougasse--65bf6cc685.jpg,savory,savory,_duplicates/savory/olive-fougasse--duplicate-1.jpg,duplicate-alternate,savory/olive-fougasse.jpg,1200,900,347249
images/labaguettedenormandy.com/wp-content/gallery/savory/Pepperoni-Fougasse--2c14013652.jpg,savory,savory,_duplicates/savory/pepperoni-fougasse--duplicate-1.jpg,duplicate-alternate,savory/pepperoni-fougasse.jpg,1134,900,349606
images/labaguettedenormandy.com/wp-content/gallery/savory/Veggie-fougasse--d036d7882e.jpg,savory,savory,_duplicates/savory/veggie-fougasse--duplicate-1.jpg,duplicate-alternate,savory/veggie-fougasse.jpg,1146,900,293332
images/labaguettedenormandy.com/wp-content/uploads/2020/05/BaconCheese-Fougasse-scaled--a539869c52.jpg,other,savory,savory/bacon-cheese-fougasse.jpg,canonical,,1298,1024,144438
images/labaguettedenormandy.com/wp-content/uploads/2020/05/Croissant_HamCheese-scaled--635a7835e9.jpg,other,savory,savory/croissant-ham-cheese.jpg,canonical,,1200,1600,171476
images/labaguettedenormandy.com/wp-content/gallery/daily-choice/Croque-Campagnard--87835d89a6.jpg,daily-choice,savory,savory/croque-campagnard.jpg,canonical,,1080,895,114954
images/labaguettedenormandy.com/wp-content/gallery/daily-choice/Croque-Monsieur--b57e19e088.jpg,daily-choice,savory,savory/croque-monsieur.jpg,canonical,,1080,810,86072
images/labaguettedenormandy.com/wp-content/gallery/lunch/fougasse-sandwiches--775373b223.jpg,lunch,savory,savory/fougasse-sandwiches.jpg,canonical,,640,480,53304
images/labaguettedenormandy.com/wp-content/gallery/lunch/100-0063--10a98083e6.jpg,lunch,savory,savory/ham-baguette-sandwich.jpg,canonical,,641,480,71474
images/labaguettedenormandy.com/wp-content/gallery/daily-choice/Ham-cheese-quiche--bfc946359e.jpg,daily-choice,savory,savory/ham-cheese-quiche.jpg,canonical,,1080,810,88788
images/labaguettedenormandy.com/wp-content/uploads/2020/06/Olive-Fougasse-scaled--749d61f15a.jpg,other,savory,savory/olive-fougasse.jpg,canonical,,1365,1024,164886
images/labaguettedenormandy.com/wp-content/gallery/lunch/panini--e7cfa7ff0e.png,lunch,savory,savory/panini.png,canonical,,640,480,35362
images/labaguettedenormandy.com/wp-content/uploads/2020/06/Pepperoni-Fougasse-scaled--b3d0d78dfb.jpg,other,savory,savory/pepperoni-fougasse.jpg,canonical,,1291,1024,177544
images/labaguettedenormandy.com/wp-content/gallery/daily-choice/Quiche-Forestiere6p-8p--081fa06383.jpg,daily-choice,savory,savory/quiche-forestiere-6p-8p.jpg,canonical,,1080,810,161058
images/labaguettedenormandy.com/wp-content/gallery/daily-choice/Quiche-Lorraine--5b8023e001.jpg,daily-choice,savory,savory/quiche-lorraine.jpg,canonical,,1080,810,105774
images/labaguettedenormandy.com/wp-content/gallery/daily-choice/Quiche-Veggie-chicken-6p-8p--6e2f262a7c.jpg,daily-choice,savory,savory/quiche-veggie-chicken-6p-8p.jpg,canonical,,1080,810,143643
images/labaguettedenormandy.com/wp-content/gallery/daily-choice/roll-with-bacon-cheese--7593841643.jpg,daily-choice,savory,savory/roll-with-bacon-cheese.jpg,canonical,,1080,810,94300
images/labaguettedenormandy.com/wp-content/gallery/lunch/sandwich-3-2016--9d62d45d4e.png,lunch,savory,savory/sandwich-3.png,canonical,,640,480,42798
images/labaguettedenormandy.com/wp-content/gallery/lunch/sandwich-4-2016--f73b6d1dcd.png,lunch,savory,savory/sandwich-4.png,canonical,,640,480,30552
images/labaguettedenormandy.com/wp-content/gallery/daily-choice/sausage-croissantl--086c0beac6.jpg,daily-choice,savory,savory/sausage-croissant.jpg,canonical,,1080,799,94250
images/labaguettedenormandy.com/wp-content/gallery/daily-choice/Spinach-cheese-quiche--6e854b61a7.jpg,daily-choice,savory,savory/spinach-cheese-quiche.jpg,canonical,,1080,810,112664
images/labaguettedenormandy.com/wp-content/gallery/daily-choice/Three-cheese-quiche--da54557406.jpg,daily-choice,savory,savory/three-cheese-quiche.jpg,canonical,,1080,810,119686
images/labaguettedenormandy.com/wp-content/gallery/daily-choice/Veggie-cheese-quiche--e019b6c27c.jpg,daily-choice,savory,savory/veggie-cheese-quiche.jpg,canonical,,1080,810,123452
images/labaguettedenormandy.com/wp-content/uploads/2020/06/Veggie-fougasse-scaled--22aa8e52f8.jpg,other,savory,savory/veggie-fougasse.jpg,canonical,,1304,1024,128774
images/labaguettedenormandy.com/wp-content/gallery/tarts/tartapplecrumble2016--50ec648a4f.png,tarts,tarts,_duplicates/tarts/apple-crumble-tart--duplicate-1.png,duplicate-alternate,tarts/apple-crumble-tart.png,640,480,82980
images/labaguettedenormandy.com/wp-content/gallery/tarts/tartmixedberry2016--84c625f99d.png,tarts,tarts,_duplicates/tarts/mixed-berry-tart-2--duplicate-1.png,duplicate-alternate,tarts/mixed-berry-tart-2.png,640,480,54672
images/labaguettedenormandy.com/wp-content/gallery/daily-choice/Almond-pie--5bca1e9c74.jpg,daily-choice,tarts,tarts/almond-pie.jpg,canonical,,1080,810,100010
images/labaguettedenormandy.com/wp-content/gallery/tarts/tartapplecrumble2016--0e29dc7d61.png,tarts,tarts,tarts/apple-crumble-tart.png,canonical,,640,480,256093
images/labaguettedenormandy.com/wp-content/gallery/daily-choice/Apple-Crumble--04ff094f98.jpg,daily-choice,tarts,tarts/apple-crumble.jpg,canonical,,1080,810,92428
images/labaguettedenormandy.com/wp-content/gallery/daily-choice/Apple-tart--2b0651f44f.jpg,daily-choice,tarts,tarts/apple-tart.jpg,canonical,,1080,810,120282
images/labaguettedenormandy.com/wp-content/gallery/tarts/apricot-tart--931475f5e1.jpg,tarts,tarts,tarts/apricot-tart.jpg,canonical,,641,481,93298
images/labaguettedenormandy.com/wp-content/gallery/tarts/chantilly-fraise--edf8a59bab.jpg,tarts,tarts,tarts/chantilly-fraise.jpg,canonical,,640,481,57566
images/labaguettedenormandy.com/wp-content/gallery/tarts/tartchocolatewithcaramel--f00cbc497d.png,tarts,tarts,tarts/chocolate-caramel-tart-2.png,canonical,,640,480,193982
images/labaguettedenormandy.com/wp-content/gallery/daily-choice/Chocolate-caramel-tart--9cc5071558.jpg,daily-choice,tarts,tarts/chocolate-caramel-tart.jpg,canonical,,1080,810,47782
images/labaguettedenormandy.com/wp-content/gallery/tarts/Cinnamon-Apple-Tart--c55a0f8cf4.jpg,tarts,tarts,tarts/cinnamon-apple-tart.jpg,canonical,,1200,900,333494
images/labaguettedenormandy.com/wp-content/gallery/tarts/coeur-en-fraise--b14ad53552.png,tarts,tarts,tarts/coeur-en-fraise.png,canonical,,640,480,26110
images/labaguettedenormandy.com/wp-content/gallery/tarts/cream-brulee-6p--0268b58d02.jpg,tarts,tarts,tarts/cream-brulee-6p.jpg,canonical,,1200,900,80104
images/labaguettedenormandy.com/wp-content/gallery/tarts/forest-tart--7623667478.jpg,tarts,tarts,tarts/forest-tart.jpg,canonical,,640,481,72042
images/labaguettedenormandy.com/wp-content/gallery/tarts/tartlemon--ebb0ef16de.png,tarts,tarts,tarts/lemon-tart-2.png,canonical,,640,480,34120
images/labaguettedenormandy.com/wp-content/uploads/2021/10/LemonTart-scaled--6bf946d511.jpg,other,tarts,tarts/lemon-tart-3.jpg,canonical,,1365,1024,124728
images/labaguettedenormandy.com/wp-content/gallery/daily-choice/lemon-tart--4283cc8a7b.jpg,daily-choice,tarts,tarts/lemon-tart.jpg,canonical,,675,900,62579
images/labaguettedenormandy.com/wp-content/gallery/tarts/Lovely-Tart--ea16c53a6a.jpg,tarts,tarts,tarts/lovely-tart.jpg,canonical,,1079,900,216759
images/labaguettedenormandy.com/wp-content/gallery/tarts/tartmixedberry2016--cbae173ad7.png,tarts,tarts,tarts/mixed-berry-tart-2.png,canonical,,640,480,199427
images/labaguettedenormandy.com/wp-content/gallery/daily-choice/Mixedberry-tart--d60d4ba267.jpg,daily-choice,tarts,tarts/mixed-berry-tart.jpg,canonical,,1080,810,61398
images/labaguettedenormandy.com/wp-content/gallery/tarts/normand-tart--495580bcf8.jpg,tarts,tarts,tarts/normand-tart.jpg,canonical,,640,481,67244
images/labaguettedenormandy.com/wp-content/gallery/tarts/Peach-Pear-amandine--694365b15b.png,tarts,tarts,tarts/peach-pear-amandine.png,canonical,,640,480,39430
images/labaguettedenormandy.com/wp-content/gallery/tarts/tartpeach2016--f318c9c152.png,tarts,tarts,tarts/peach-tart.png,canonical,,640,480,180446
images/labaguettedenormandy.com/wp-content/gallery/daily-choice/Amandine-pear-6p--06bd567710.jpg,daily-choice,tarts,tarts/pear-amandine-6p.jpg,canonical,,1080,810,142770
images/labaguettedenormandy.com/wp-content/gallery/tarts/pear-amadine--3f65cc903b.png,tarts,tarts,tarts/pear-amandine.png,canonical,,640,480,43506
images/labaguettedenormandy.com/wp-content/gallery/daily-choice/raspberry-tart--45477e7610.jpg,daily-choice,tarts,tarts/raspberry-tart.jpg,canonical,,1080,810,67866
images/labaguettedenormandy.com/wp-content/gallery/tarts/strawberries-Pear-Amandine--196ecca572.png,tarts,tarts,tarts/strawberries-pear-amandine.png,canonical,,640,480,52584
images/labaguettedenormandy.com/wp-content/gallery/tarts/Strawberry-Crumble--918f431e42.jpg,tarts,tarts,tarts/strawberry-crumble.jpg,canonical,,1200,900,372482
images/labaguettedenormandy.com/wp-content/gallery/tarts/tarte-aux-fraises--6d595ea02e.jpg,tarts,tarts,tarts/tarte-aux-fraises.jpg,canonical,,640,481,36358
images/labaguettedenormandy.com/wp-content/gallery/tarts/tarte-aux-pommes--2ed24d1bdd.png,tarts,tarts,tarts/tarte-aux-pommes.png,canonical,,640,480,25982
images/labaguettedenormandy.com/wp-content/gallery/tarts/tarte-grandemere--137866ec1b.jpg,tarts,tarts,tarts/tarte-grandemere.jpg,canonical,,640,481,99103
images/labaguettedenormandy.com/wp-content/gallery/viennoiseries/20180111_114945-10--05100c3736.jpg,viennoiseries,viennoiseries,viennoiseries/almond-croissant-2.jpg,canonical,,1365,1024,617457
images/labaguettedenormandy.com/wp-content/gallery/daily-choice/Almond-Croissant--84f208a4da.jpg,daily-choice,viennoiseries,viennoiseries/almond-croissant.jpg,canonical,,1080,636,187716
images/labaguettedenormandy.com/wp-content/gallery/daily-choice/Almond-Pain-au-Chocolat--9459c574b3.jpg,daily-choice,viennoiseries,viennoiseries/almond-pain-au-chocolat.jpg,canonical,,1080,810,180915
images/labaguettedenormandy.com/wp-content/gallery/viennoiseries/20180111_115002-9--7efad84796.jpg,viennoiseries,viennoiseries,viennoiseries/almond-pastry.jpg,canonical,,1365,1024,562083
images/labaguettedenormandy.com/wp-content/gallery/daily-choice/Apple-Danish--2f54e1005d.jpg,daily-choice,viennoiseries,viennoiseries/apple-danish.jpg,canonical,,1080,810,132818
images/labaguettedenormandy.com/wp-content/gallery/daily-choice/Apple-or-raspberry-Turnover--5468848d3e.jpg,daily-choice,viennoiseries,viennoiseries/apple-or-raspberry-turnover.jpg,canonical,,1080,869,95742
images/labaguettedenormandy.com/wp-content/gallery/viennoiseries/20180111_114649-6--931cd34a2d.jpg,viennoiseries,viennoiseries,viennoiseries/apple-turnover.jpg,canonical,,1365,1024,417679
images/labaguettedenormandy.com/wp-content/gallery/daily-choice/Bear-Claw--95593fe960.jpg,daily-choice,viennoiseries,viennoiseries/bear-claw.jpg,canonical,,1080,810,106938
images/labaguettedenormandy.com/wp-content/gallery/viennoiseries/20180111_114506-6--b531db6f1e.jpg,viennoiseries,viennoiseries,viennoiseries/blueberry-cream-cheese-danish-2.jpg,canonical,,1365,1024,526602
images/labaguettedenormandy.com/wp-content/gallery/daily-choice/Blueberry-cream-cheese-Danish--e02eca2d94.jpg,daily-choice,viennoiseries,viennoiseries/blueberry-cream-cheese-danish.jpg,canonical,,1060,900,94042
images/labaguettedenormandy.com/wp-content/gallery/viennoiseries/brioche--05f18bb170.jpg,viennoiseries,viennoiseries,viennoiseries/brioche-assortment.jpg,canonical,,640,480,121449
images/labaguettedenormandy.com/wp-content/gallery/daily-choice/Brioche-Feuilletee--fcb8d2bafd.jpg,daily-choice,viennoiseries,viennoiseries/brioche-feuilletee.jpg,canonical,,1080,810,108692
images/labaguettedenormandy.com/wp-content/gallery/daily-choice/Brioche-Parisienne2.jpg--94ecd4c481.webp,daily-choice,viennoiseries,viennoiseries/brioche-parisienne2.webp,canonical,,667,559,32386
images/labaguettedenormandy.com/wp-content/gallery/daily-choice/Brioche-tresee--a637b173f8.jpg,daily-choice,viennoiseries,viennoiseries/brioche-tressee.jpg,canonical,,943,900,108462
images/labaguettedenormandy.com/wp-content/gallery/viennoiseries/20180111_120602-17--a76751bd73.jpg,viennoiseries,viennoiseries,viennoiseries/butter-croissant.jpg,canonical,,1365,1024,438286
images/labaguettedenormandy.com/wp-content/gallery/daily-choice/cinnamon-croissant--d228c8fb57.jpg,daily-choice,viennoiseries,viennoiseries/cinnamon-croissant.jpg,canonical,,1080,810,110818
images/labaguettedenormandy.com/wp-content/gallery/daily-choice/French-Butter-croissant--9f18bf2f23.jpg,daily-choice,viennoiseries,viennoiseries/french-butter-croissant.jpg,canonical,,1005,900,79944
images/labaguettedenormandy.com/wp-content/gallery/daily-choice/Kouign-amann--6db214a7db.jpg,daily-choice,viennoiseries,viennoiseries/kouign-amann.jpg,canonical,,1080,810,83066
images/labaguettedenormandy.com/wp-content/gallery/viennoiseries/viennoiserie1--df6be825bc.jpg,viennoiseries,viennoiseries,viennoiseries/mini-brioche-assortment.jpg,canonical,,641,480,165820
images/labaguettedenormandy.com/wp-content/gallery/viennoiseries/minipainsauxraisins--25aab22acc.png,viennoiseries,viennoiseries,viennoiseries/mini-pains-aux-raisins.png,canonical,,640,480,511509
images/labaguettedenormandy.com/wp-content/gallery/viennoiseries/mini-viennoise-2--213834a3a6.jpg,viennoiseries,viennoiseries,viennoiseries/mini-viennoise.jpg,canonical,,640,481,124676
images/labaguettedenormandy.com/wp-content/gallery/viennoiseries/miniviennoiseries--b6f4d9ad24.png,viennoiseries,viennoiseries,viennoiseries/mini-viennoiseries-assortment.png,canonical,,640,480,569550
images/labaguettedenormandy.com/wp-content/gallery/viennoiseries/Nutella-croissant-pie--2e397fa775.png,viennoiseries,viennoiseries,viennoiseries/nutella-croissant-pie.png,canonical,,640,480,611274
images/labaguettedenormandy.com/wp-content/gallery/daily-choice/Oranais-Peach-croissant--b067e46eb9.jpg,daily-choice,viennoiseries,viennoiseries/oranais-peach-croissant.jpg,canonical,,1080,810,87122
images/labaguettedenormandy.com/wp-content/gallery/viennoiseries/20180111_120545-18--3a8ed2f5d0.jpg,viennoiseries,viennoiseries,viennoiseries/pain-au-chocolat-2.jpg,canonical,,1365,1024,455711
images/labaguettedenormandy.com/wp-content/gallery/daily-choice/Pain-au-chocolat--488a896acb.jpg,daily-choice,viennoiseries,viennoiseries/pain-au-chocolat.jpg,canonical,,986,900,70550
images/labaguettedenormandy.com/wp-content/gallery/viennoiseries/20180111_114712-6--2ec5192385.jpg,viennoiseries,viennoiseries,viennoiseries/pain-aux-raisins-2.jpg,canonical,,1365,1024,484476
images/labaguettedenormandy.com/wp-content/gallery/daily-choice/Pain-aux-raisin--46f39cb5af.jpg,daily-choice,viennoiseries,viennoiseries/pain-aux-raisins.jpg,canonical,,1080,810,120294
images/labaguettedenormandy.com/wp-content/gallery/viennoiseries/20180112_070022--a1bf2d386d.jpg,viennoiseries,viennoiseries,viennoiseries/peach-danish.jpg,canonical,,1365,1024,376578
images/labaguettedenormandy.com/wp-content/gallery/viennoiseries/petite-brioche-3--4f38a4dc37.jpg,viennoiseries,viennoiseries,viennoiseries/petite-brioche.jpg,canonical,,640,481,110105
images/labaguettedenormandy.com/wp-content/gallery/viennoiseries/20180111_114451-6--bad7b169b2.jpg,viennoiseries,viennoiseries,viennoiseries/raspberry-cream-cheese-danish.jpg,canonical,,1365,1024,473436
images/labaguettedenormandy.com/wp-content/gallery/viennoiseries/raspberry-croissant-pie--0dbdcbb7b8.png,viennoiseries,viennoiseries,viennoiseries/raspberry-croissant-pie.png,canonical,,640,480,584731
images/labaguettedenormandy.com/wp-content/gallery/viennoiseries/20180111_114727-10--983613e558.jpg,viennoiseries,viennoiseries,viennoiseries/round-puff-pastry.jpg,canonical,,1365,1024,464634
images/labaguettedenormandy.com/wp-content/gallery/daily-choice/Strawberry-danish--e4c0219b3d.jpg,daily-choice,viennoiseries,viennoiseries/strawberry-danish.jpg,canonical,,1080,810,113090
images/labaguettedenormandy.com/wp-content/gallery/daily-choice/Twiste-raspberry-brioche--6d3b588439.jpg,daily-choice,viennoiseries,viennoiseries/twisted-raspberry-brioche.jpg,canonical,,1052,900,99178
images/labaguettedenormandy.com/wp-content/gallery/viennoiseries/largeviennoiseries--7448dea722.png,viennoiseries,viennoiseries,viennoiseries/viennoiseries-assortment.png,canonical,,640,480,541338
images/labaguettedenormandy.com/wp-content/gallery/viennoiseries/bkfst--e7e7c91dae.jpg,viennoiseries,viennoiseries,viennoiseries/viennoiseries-breakfast-display.jpg,canonical,,640,480,152849
